,0,1,2
0,COL tuple_id VAL 2 COL src VAL aa COL flight VAL AA-1733-ORD-PHX COL sched_dep_time VAL 7:45 p.m. COL act_dep_time VAL 7:58 p.m. COL sched_arr_time VAL 10:30 p.m. COL act_arr_time VAL  ,COL tuple_id VAL 2 ,0
1,COL tuple_id VAL 2 COL src VAL aa COL flight VAL AA-1733-ORD-PHX COL sched_dep_time VAL 7:45 p.m. COL act_dep_time VAL 7:58 p.m. COL sched_arr_time VAL 10:30 p.m. COL act_arr_time VAL  ,COL src VAL aa ,0
2,COL tuple_id VAL 2 COL src VAL aa COL flight VAL AA-1733-ORD-PHX COL sched_dep_time VAL 7:45 p.m. COL act_dep_time VAL 7:58 p.m. COL sched_arr_time VAL 10:30 p.m. COL act_arr_time VAL  ,COL flight VAL AA-1733-ORD-PHX ,0
3,COL tuple_id VAL 2 COL src VAL aa COL flight VAL AA-1733-ORD-PHX COL sched_dep_time VAL 7:45 p.m. COL act_dep_time VAL 7:58 p.m. COL sched_arr_time VAL 10:30 p.m. COL act_arr_time VAL  ,COL sched_dep_time VAL 7:45 p.m. ,0
4,COL tuple_id VAL 2 COL src VAL aa COL flight VAL AA-1733-ORD-PHX COL sched_dep_time VAL 7:45 p.m. COL act_dep_time VAL 7:58 p.m. COL sched_arr_time VAL 10:30 p.m. COL act_arr_time VAL  ,COL act_dep_time VAL 7:58 p.m. ,0
5,COL tuple_id VAL 2 COL src VAL aa COL flight VAL AA-1733-ORD-PHX COL sched_dep_time VAL 7:45 p.m. COL act_dep_time VAL 7:58 p.m. COL sched_arr_time VAL 10:30 p.m. COL act_arr_time VAL  ,COL sched_arr_time VAL 10:30 p.m. ,0
6,COL tuple_id VAL 2 COL src VAL aa COL flight VAL AA-1733-ORD-PHX COL sched_dep_time VAL 7:45 p.m. COL act_dep_time VAL 7:58 p.m. COL sched_arr_time VAL 10:30 p.m. COL act_arr_time VAL  ,COL act_arr_time VAL  ,1
7,COL tuple_id VAL 3 COL src VAL aa COL flight VAL AA-1640-MIA-MCO COL sched_dep_time VAL 6:30 p.m. COL act_dep_time VAL  COL sched_arr_time VAL 7:25 p.m. COL act_arr_time VAL  ,COL tuple_id VAL 3 ,0
8,COL tuple_id VAL 3 COL src VAL aa COL flight VAL AA-1640-MIA-MCO COL sched_dep_time VAL 6:30 p.m. COL act_dep_time VAL  COL sched_arr_time VAL 7:25 p.m. COL act_arr_time VAL  ,COL src VAL aa ,0
9,COL tuple_id VAL 3 COL src VAL aa COL flight VAL AA-1640-MIA-MCO COL sched_dep_time VAL 6:30 p.m. COL act_dep_time VAL  COL sched_arr_time VAL 7:25 p.m. COL act_arr_time VAL  ,COL flight VAL AA-1640-MIA-MCO ,0
10,COL tuple_id VAL 3 COL src VAL aa COL flight VAL AA-1640-MIA-MCO COL sched_dep_time VAL 6:30 p.m. COL act_dep_time VAL  COL sched_arr_time VAL 7:25 p.m. COL act_arr_time VAL  ,COL sched_dep_time VAL 6:30 p.m. ,0
11,COL tuple_id VAL 3 COL src VAL aa COL flight VAL AA-1640-MIA-MCO COL sched_dep_time VAL 6:30 p.m. COL act_dep_time VAL  COL sched_arr_time VAL 7:25 p.m. COL act_arr_time VAL  ,COL act_dep_time VAL  ,1
12,COL tuple_id VAL 3 COL src VAL aa COL flight VAL AA-1640-MIA-MCO COL sched_dep_time VAL 6:30 p.m. COL act_dep_time VAL  COL sched_arr_time VAL 7:25 p.m. COL act_arr_time VAL  ,COL sched_arr_time VAL 7:25 p.m. ,0
13,COL tuple_id VAL 3 COL src VAL aa COL flight VAL AA-1640-MIA-MCO COL sched_dep_time VAL 6:30 p.m. COL act_dep_time VAL  COL sched_arr_time VAL 7:25 p.m. COL act_arr_time VAL  ,COL act_arr_time VAL  ,1
14,COL tuple_id VAL 6 COL src VAL aa COL flight VAL AA-204-LAX-MCO COL sched_dep_time VAL 11:25 p.m. COL act_dep_time VAL  COL sched_arr_time VAL 12/02/2011 6:55 a.m. COL act_arr_time VAL  ,COL tuple_id VAL 6 ,0
15,COL tuple_id VAL 6 COL src VAL aa COL flight VAL AA-204-LAX-MCO COL sched_dep_time VAL 11:25 p.m. COL act_dep_time VAL  COL sched_arr_time VAL 12/02/2011 6:55 a.m. COL act_arr_time VAL  ,COL src VAL aa ,0
16,COL tuple_id VAL 6 COL src VAL aa COL flight VAL AA-204-LAX-MCO COL sched_dep_time VAL 11:25 p.m. COL act_dep_time VAL  COL sched_arr_time VAL 12/02/2011 6:55 a.m. COL act_arr_time VAL  ,COL flight VAL AA-204-LAX-MCO ,0
17,COL tuple_id VAL 6 COL src VAL aa COL flight VAL AA-204-LAX-MCO COL sched_dep_time VAL 11:25 p.m. COL act_dep_time VAL  COL sched_arr_time VAL 12/02/2011 6:55 a.m. COL act_arr_time VAL  ,COL sched_dep_time VAL 11:25 p.m. ,0
18,COL tuple_id VAL 6 COL src VAL aa COL flight VAL AA-204-LAX-MCO COL sched_dep_time VAL 11:25 p.m. COL act_dep_time VAL  COL sched_arr_time VAL 12/02/2011 6:55 a.m. COL act_arr_time VAL  ,COL act_dep_time VAL  ,1
19,COL tuple_id VAL 6 COL src VAL aa COL flight VAL AA-204-LAX-MCO COL sched_dep_time VAL 11:25 p.m. COL act_dep_time VAL  COL sched_arr_time VAL 12/02/2011 6:55 a.m. COL act_arr_time VAL  ,COL sched_arr_time VAL 12/02/2011 6:55 a.m. ,1
20,COL tuple_id VAL 6 COL src VAL aa COL flight VAL AA-204-LAX-MCO COL sched_dep_time VAL 11:25 p.m. COL act_dep_time VAL  COL sched_arr_time VAL 12/02/2011 6:55 a.m. COL act_arr_time VAL  ,COL act_arr_time VAL  ,1
21,COL tuple_id VAL 15 COL src VAL aa COL flight VAL AA-1279-DFW-PHX COL sched_dep_time VAL 1:00 p.m. COL act_dep_time VAL 2:04 p.m. COL sched_arr_time VAL 2:35 p.m. COL act_arr_time VAL 3:30 p.m. ,COL tuple_id VAL 15 ,0
22,COL tuple_id VAL 15 COL src VAL aa COL flight VAL AA-1279-DFW-PHX COL sched_dep_time VAL 1:00 p.m. COL act_dep_time VAL 2:04 p.m. COL sched_arr_time VAL 2:35 p.m. COL act_arr_time VAL 3:30 p.m. ,COL src VAL aa ,0
23,COL tuple_id VAL 15 COL src VAL aa COL flight VAL AA-1279-DFW-PHX COL sched_dep_time VAL 1:00 p.m. COL act_dep_time VAL 2:04 p.m. COL sched_arr_time VAL 2:35 p.m. COL act_arr_time VAL 3:30 p.m. ,COL flight VAL AA-1279-DFW-PHX ,0
24,COL tuple_id VAL 15 COL src VAL aa COL flight VAL AA-1279-DFW-PHX COL sched_dep_time VAL 1:00 p.m. COL act_dep_time VAL 2:04 p.m. COL sched_arr_time VAL 2:35 p.m. COL act_arr_time VAL 3:30 p.m. ,COL sched_dep_time VAL 1:00 p.m. ,0
25,COL tuple_id VAL 15 COL src VAL aa COL flight VAL AA-1279-DFW-PHX COL sched_dep_time VAL 1:00 p.m. COL act_dep_time VAL 2:04 p.m. COL sched_arr_time VAL 2:35 p.m. COL act_arr_time VAL 3:30 p.m. ,COL act_dep_time VAL 2:04 p.m. ,0
26,COL tuple_id VAL 15 COL src VAL aa COL flight VAL AA-1279-DFW-PHX COL sched_dep_time VAL 1:00 p.m. COL act_dep_time VAL 2:04 p.m. COL sched_arr_time VAL 2:35 p.m. COL act_arr_time VAL 3:30 p.m. ,COL sched_arr_time VAL 2:35 p.m. ,0
27,COL tuple_id VAL 15 COL src VAL aa COL flight VAL AA-1279-DFW-PHX COL sched_dep_time VAL 1:00 p.m. COL act_dep_time VAL 2:04 p.m. COL sched_arr_time VAL 2:35 p.m. COL act_arr_time VAL 3:30 p.m. ,COL act_arr_time VAL 3:30 p.m. ,0
28,COL tuple_id VAL 32 COL src VAL aa COL flight VAL AA-1522-SFO-ORD COL sched_dep_time VAL 11:55 p.m. COL act_dep_time VAL  COL sched_arr_time VAL 12/02/2011 5:50 a.m. COL act_arr_time VAL  ,COL tuple_id VAL 32 ,0
29,COL tuple_id VAL 32 COL src VAL aa COL flight VAL AA-1522-SFO-ORD COL sched_dep_time VAL 11:55 p.m. COL act_dep_time VAL  COL sched_arr_time VAL 12/02/2011 5:50 a.m. COL act_arr_time VAL  ,COL src VAL aa ,0
30,COL tuple_id VAL 32 COL src VAL aa COL flight VAL AA-1522-SFO-ORD COL sched_dep_time VAL 11:55 p.m. COL act_dep_time VAL  COL sched_arr_time VAL 12/02/2011 5:50 a.m. COL act_arr_time VAL  ,COL flight VAL AA-1522-SFO-ORD ,0
31,COL tuple_id VAL 32 COL src VAL aa COL flight VAL AA-1522-SFO-ORD COL sched_dep_time VAL 11:55 p.m. COL act_dep_time VAL  COL sched_arr_time VAL 12/02/2011 5:50 a.m. COL act_arr_time VAL  ,COL sched_dep_time VAL 11:55 p.m. ,0
32,COL tuple_id VAL 32 COL src VAL aa COL flight VAL AA-1522-SFO-ORD COL sched_dep_time VAL 11:55 p.m. COL act_dep_time VAL  COL sched_arr_time VAL 12/02/2011 5:50 a.m. COL act_arr_time VAL  ,COL act_dep_time VAL  ,1
33,COL tuple_id VAL 32 COL src VAL aa COL flight VAL AA-1522-SFO-ORD COL sched_dep_time VAL 11:55 p.m. COL act_dep_time VAL  COL sched_arr_time VAL 12/02/2011 5:50 a.m. COL act_arr_time VAL  ,COL sched_arr_time VAL 12/02/2011 5:50 a.m. ,1
34,COL tuple_id VAL 32 COL src VAL aa COL flight VAL AA-1522-SFO-ORD COL sched_dep_time VAL 11:55 p.m. COL act_dep_time VAL  COL sched_arr_time VAL 12/02/2011 5:50 a.m. COL act_arr_time VAL  ,COL act_arr_time VAL  ,1
35,COL tuple_id VAL 33 COL src VAL aa COL flight VAL AA-3823-LAX-DEN COL sched_dep_time VAL 9:00 p.m. COL act_dep_time VAL  COL sched_arr_time VAL 12/02/2011 12:15 a.m. COL act_arr_time VAL  ,COL tuple_id VAL 33 ,0
36,COL tuple_id VAL 33 COL src VAL aa COL flight VAL AA-3823-LAX-DEN COL sched_dep_time VAL 9:00 p.m. COL act_dep_time VAL  COL sched_arr_time VAL 12/02/2011 12:15 a.m. COL act_arr_time VAL  ,COL src VAL aa ,0
37,COL tuple_id VAL 33 COL src VAL aa COL flight VAL AA-3823-LAX-DEN COL sched_dep_time VAL 9:00 p.m. COL act_dep_time VAL  COL sched_arr_time VAL 12/02/2011 12:15 a.m. COL act_arr_time VAL  ,COL flight VAL AA-3823-LAX-DEN ,0
38,COL tuple_id VAL 33 COL src VAL aa COL flight VAL AA-3823-LAX-DEN COL sched_dep_time VAL 9:00 p.m. COL act_dep_time VAL  COL sched_arr_time VAL 12/02/2011 12:15 a.m. COL act_arr_time VAL  ,COL sched_dep_time VAL 9:00 p.m. ,0
39,COL tuple_id VAL 33 COL src VAL aa COL flight VAL AA-3823-LAX-DEN COL sched_dep_time VAL 9:00 p.m. COL act_dep_time VAL  COL sched_arr_time VAL 12/02/2011 12:15 a.m. COL act_arr_time VAL  ,COL act_dep_time VAL  ,1
40,COL tuple_id VAL 33 COL src VAL aa COL flight VAL AA-3823-LAX-DEN COL sched_dep_time VAL 9:00 p.m. COL act_dep_time VAL  COL sched_arr_time VAL 12/02/2011 12:15 a.m. COL act_arr_time VAL  ,COL sched_arr_time VAL 12/02/2011 12:15 a.m. ,1
41,COL tuple_id VAL 33 COL src VAL aa COL flight VAL AA-3823-LAX-DEN COL sched_dep_time VAL 9:00 p.m. COL act_dep_time VAL  COL sched_arr_time VAL 12/02/2011 12:15 a.m. COL act_arr_time VAL  ,COL act_arr_time VAL  ,1
42,COL tuple_id VAL 34 COL src VAL aa COL flight VAL AA-2312-DFW-DTW COL sched_dep_time VAL 8:25 p.m. COL act_dep_time VAL  COL sched_arr_time VAL 11:50 p.m. COL act_arr_time VAL  ,COL tuple_id VAL 34 ,0
43,COL tuple_id VAL 34 COL src VAL aa COL flight VAL AA-2312-DFW-DTW COL sched_dep_time VAL 8:25 p.m. COL act_dep_time VAL  COL sched_arr_time VAL 11:50 p.m. COL act_arr_time VAL  ,COL src VAL aa ,0
44,COL tuple_id VAL 34 COL src VAL aa COL flight VAL AA-2312-DFW-DTW COL sched_dep_time VAL 8:25 p.m. COL act_dep_time VAL  COL sched_arr_time VAL 11:50 p.m. COL act_arr_time VAL  ,COL flight VAL AA-2312-DFW-DTW ,0
45,COL tuple_id VAL 34 COL src VAL aa COL flight VAL AA-2312-DFW-DTW COL sched_dep_time VAL 8:25 p.m. COL act_dep_time VAL  COL sched_arr_time VAL 11:50 p.m. COL act_arr_time VAL  ,COL sched_dep_time VAL 8:25 p.m. ,0
46,COL tuple_id VAL 34 COL src VAL aa COL flight VAL AA-2312-DFW-DTW COL sched_dep_time VAL 8:25 p.m. COL act_dep_time VAL  COL sched_arr_time VAL 11:50 p.m. COL act_arr_time VAL  ,COL act_dep_time VAL  ,1
47,COL tuple_id VAL 34 COL src VAL aa COL flight VAL AA-2312-DFW-DTW COL sched_dep_time VAL 8:25 p.m. COL act_dep_time VAL  COL sched_arr_time VAL 11:50 p.m. COL act_arr_time VAL  ,COL sched_arr_time VAL 11:50 p.m. ,0
48,COL tuple_id VAL 34 COL src VAL aa COL flight VAL AA-2312-DFW-DTW COL sched_dep_time VAL 8:25 p.m. COL act_dep_time VAL  COL sched_arr_time VAL 11:50 p.m. COL act_arr_time VAL  ,COL act_arr_time VAL  ,1
49,COL tuple_id VAL 37 COL src VAL aa COL flight VAL AA-649-ORD-SNA COL sched_dep_time VAL 1:30 p.m. COL act_dep_time VAL  COL sched_arr_time VAL 3:50 p.m. COL act_arr_time VAL  ,COL tuple_id VAL 37 ,0
50,COL tuple_id VAL 37 COL src VAL aa COL flight VAL AA-649-ORD-SNA COL sched_dep_time VAL 1:30 p.m. COL act_dep_time VAL  COL sched_arr_time VAL 3:50 p.m. COL act_arr_time VAL  ,COL src VAL aa ,0
51,COL tuple_id VAL 37 COL src VAL aa COL flight VAL AA-649-ORD-SNA COL sched_dep_time VAL 1:30 p.m. COL act_dep_time VAL  COL sched_arr_time VAL 3:50 p.m. COL act_arr_time VAL  ,COL flight VAL AA-649-ORD-SNA ,0
52,COL tuple_id VAL 37 COL src VAL aa COL flight VAL AA-649-ORD-SNA COL sched_dep_time VAL 1:30 p.m. COL act_dep_time VAL  COL sched_arr_time VAL 3:50 p.m. COL act_arr_time VAL  ,COL sched_dep_time VAL 1:30 p.m. ,0
53,COL tuple_id VAL 37 COL src VAL aa COL flight VAL AA-649-ORD-SNA COL sched_dep_time VAL 1:30 p.m. COL act_dep_time VAL  COL sched_arr_time VAL 3:50 p.m. COL act_arr_time VAL  ,COL act_dep_time VAL  ,1
54,COL tuple_id VAL 37 COL src VAL aa COL flight VAL AA-649-ORD-SNA COL sched_dep_time VAL 1:30 p.m. COL act_dep_time VAL  COL sched_arr_time VAL 3:50 p.m. COL act_arr_time VAL  ,COL sched_arr_time VAL 3:50 p.m. ,0
55,COL tuple_id VAL 37 COL src VAL aa COL flight VAL AA-649-ORD-SNA COL sched_dep_time VAL 1:30 p.m. COL act_dep_time VAL  COL sched_arr_time VAL 3:50 p.m. COL act_arr_time VAL  ,COL act_arr_time VAL  ,1
56,COL tuple_id VAL 38 COL src VAL aa COL flight VAL AA-3063-SLC-LAX COL sched_dep_time VAL 8:20 p.m. COL act_dep_time VAL 8:39 p.m. COL sched_arr_time VAL 9:20 p.m. COL act_arr_time VAL  ,COL tuple_id VAL 38 ,0
57,COL tuple_id VAL 38 COL src VAL aa COL flight VAL AA-3063-SLC-LAX COL sched_dep_time VAL 8:20 p.m. COL act_dep_time VAL 8:39 p.m. COL sched_arr_time VAL 9:20 p.m. COL act_arr_time VAL  ,COL src VAL aa ,0
58,COL tuple_id VAL 38 COL src VAL aa COL flight VAL AA-3063-SLC-LAX COL sched_dep_time VAL 8:20 p.m. COL act_dep_time VAL 8:39 p.m. COL sched_arr_time VAL 9:20 p.m. COL act_arr_time VAL  ,COL flight VAL AA-3063-SLC-LAX ,0
59,COL tuple_id VAL 38 COL src VAL aa COL flight VAL AA-3063-SLC-LAX COL sched_dep_time VAL 8:20 p.m. COL act_dep_time VAL 8:39 p.m. COL sched_arr_time VAL 9:20 p.m. COL act_arr_time VAL  ,COL sched_dep_time VAL 8:20 p.m. ,0
60,COL tuple_id VAL 38 COL src VAL aa COL flight VAL AA-3063-SLC-LAX COL sched_dep_time VAL 8:20 p.m. COL act_dep_time VAL 8:39 p.m. COL sched_arr_time VAL 9:20 p.m. COL act_arr_time VAL  ,COL act_dep_time VAL 8:39 p.m. ,0
61,COL tuple_id VAL 38 COL src VAL aa COL flight VAL AA-3063-SLC-LAX COL sched_dep_time VAL 8:20 p.m. COL act_dep_time VAL 8:39 p.m. COL sched_arr_time VAL 9:20 p.m. COL act_arr_time VAL  ,COL sched_arr_time VAL 9:20 p.m. ,0
62,COL tuple_id VAL 38 COL src VAL aa COL flight VAL AA-3063-SLC-LAX COL sched_dep_time VAL 8:20 p.m. COL act_dep_time VAL 8:39 p.m. COL sched_arr_time VAL 9:20 p.m. COL act_arr_time VAL  ,COL act_arr_time VAL  ,1
63,COL tuple_id VAL 57 COL src VAL helloflight COL flight VAL UA-2830-MCO-CLT COL sched_dep_time VAL  COL act_dep_time VAL 3:50 p.m. COL sched_arr_time VAL  COL act_arr_time VAL 5:14 p.m. ,COL tuple_id VAL 57 ,0
64,COL tuple_id VAL 57 COL src VAL helloflight COL flight VAL UA-2830-MCO-CLT COL sched_dep_time VAL  COL act_dep_time VAL 3:50 p.m. COL sched_arr_time VAL  COL act_arr_time VAL 5:14 p.m. ,COL src VAL helloflight ,0
65,COL tuple_id VAL 57 COL src VAL helloflight COL flight VAL UA-2830-MCO-CLT COL sched_dep_time VAL  COL act_dep_time VAL 3:50 p.m. COL sched_arr_time VAL  COL act_arr_time VAL 5:14 p.m. ,COL flight VAL UA-2830-MCO-CLT ,0
66,COL tuple_id VAL 57 COL src VAL helloflight COL flight VAL UA-2830-MCO-CLT COL sched_dep_time VAL  COL act_dep_time VAL 3:50 p.m. COL sched_arr_time VAL  COL act_arr_time VAL 5:14 p.m. ,COL sched_dep_time VAL  ,1
67,COL tuple_id VAL 57 COL src VAL helloflight COL flight VAL UA-2830-MCO-CLT COL sched_dep_time VAL  COL act_dep_time VAL 3:50 p.m. COL sched_arr_time VAL  COL act_arr_time VAL 5:14 p.m. ,COL act_dep_time VAL 3:50 p.m. ,1
68,COL tuple_id VAL 57 COL src VAL helloflight COL flight VAL UA-2830-MCO-CLT COL sched_dep_time VAL  COL act_dep_time VAL 3:50 p.m. COL sched_arr_time VAL  COL act_arr_time VAL 5:14 p.m. ,COL sched_arr_time VAL  ,1
69,COL tuple_id VAL 57 COL src VAL helloflight COL flight VAL UA-2830-MCO-CLT COL sched_dep_time VAL  COL act_dep_time VAL 3:50 p.m. COL sched_arr_time VAL  COL act_arr_time VAL 5:14 p.m. ,COL act_arr_time VAL 5:14 p.m. ,1
70,COL tuple_id VAL 87 COL src VAL helloflight COL flight VAL UA-2945-PHL-CLT COL sched_dep_time VAL  COL act_dep_time VAL 12:07 p.m. COL sched_arr_time VAL  COL act_arr_time VAL 1:11 p.m. ,COL tuple_id VAL 87 ,0
71,COL tuple_id VAL 87 COL src VAL helloflight COL flight VAL UA-2945-PHL-CLT COL sched_dep_time VAL  COL act_dep_time VAL 12:07 p.m. COL sched_arr_time VAL  COL act_arr_time VAL 1:11 p.m. ,COL src VAL helloflight ,0
72,COL tuple_id VAL 87 COL src VAL helloflight COL flight VAL UA-2945-PHL-CLT COL sched_dep_time VAL  COL act_dep_time VAL 12:07 p.m. COL sched_arr_time VAL  COL act_arr_time VAL 1:11 p.m. ,COL flight VAL UA-2945-PHL-CLT ,0
73,COL tuple_id VAL 87 COL src VAL helloflight COL flight VAL UA-2945-PHL-CLT COL sched_dep_time VAL  COL act_dep_time VAL 12:07 p.m. COL sched_arr_time VAL  COL act_arr_time VAL 1:11 p.m. ,COL sched_dep_time VAL  ,1
74,COL tuple_id VAL 87 COL src VAL helloflight COL flight VAL UA-2945-PHL-CLT COL sched_dep_time VAL  COL act_dep_time VAL 12:07 p.m. COL sched_arr_time VAL  COL act_arr_time VAL 1:11 p.m. ,COL act_dep_time VAL 12:07 p.m. ,1
75,COL tuple_id VAL 87 COL src VAL helloflight COL flight VAL UA-2945-PHL-CLT COL sched_dep_time VAL  COL act_dep_time VAL 12:07 p.m. COL sched_arr_time VAL  COL act_arr_time VAL 1:11 p.m. ,COL sched_arr_time VAL  ,1
76,COL tuple_id VAL 87 COL src VAL helloflight COL flight VAL UA-2945-PHL-CLT COL sched_dep_time VAL  COL act_dep_time VAL 12:07 p.m. COL sched_arr_time VAL  COL act_arr_time VAL 1:11 p.m. ,COL act_arr_time VAL 1:11 p.m. ,1
77,COL tuple_id VAL 89 COL src VAL helloflight COL flight VAL CO-47-IAH-LAX COL sched_dep_time VAL 7:10 p.m. COL act_dep_time VAL  COL sched_arr_time VAL 8:56 p.m. COL act_arr_time VAL  ,COL tuple_id VAL 89 ,0
78,COL tuple_id VAL 89 COL src VAL helloflight COL flight VAL CO-47-IAH-LAX COL sched_dep_time VAL 7:10 p.m. COL act_dep_time VAL  COL sched_arr_time VAL 8:56 p.m. COL act_arr_time VAL  ,COL src VAL helloflight ,0
79,COL tuple_id VAL 89 COL src VAL helloflight COL flight VAL CO-47-IAH-LAX COL sched_dep_time VAL 7:10 p.m. COL act_dep_time VAL  COL sched_arr_time VAL 8:56 p.m. COL act_arr_time VAL  ,COL flight VAL CO-47-IAH-LAX ,0
80,COL tuple_id VAL 89 COL src VAL helloflight COL flight VAL CO-47-IAH-LAX COL sched_dep_time VAL 7:10 p.m. COL act_dep_time VAL  COL sched_arr_time VAL 8:56 p.m. COL act_arr_time VAL  ,COL sched_dep_time VAL 7:10 p.m. ,0
81,COL tuple_id VAL 89 COL src VAL helloflight COL flight VAL CO-47-IAH-LAX COL sched_dep_time VAL 7:10 p.m. COL act_dep_time VAL  COL sched_arr_time VAL 8:56 p.m. COL act_arr_time VAL  ,COL act_dep_time VAL  ,1
82,COL tuple_id VAL 89 COL src VAL helloflight COL flight VAL CO-47-IAH-LAX COL sched_dep_time VAL 7:10 p.m. COL act_dep_time VAL  COL sched_arr_time VAL 8:56 p.m. COL act_arr_time VAL  ,COL sched_arr_time VAL 8:56 p.m. ,0
83,COL tuple_id VAL 89 COL src VAL helloflight COL flight VAL CO-47-IAH-LAX COL sched_dep_time VAL 7:10 p.m. COL act_dep_time VAL  COL sched_arr_time VAL 8:56 p.m. COL act_arr_time VAL  ,COL act_arr_time VAL  ,1
84,COL tuple_id VAL 97 COL src VAL helloflight COL flight VAL CO-1694-LAX-IAH COL sched_dep_time VAL 7:15 p.m. COL act_dep_time VAL  COL sched_arr_time VAL 12/2/11 12:21 a.m. COL act_arr_time VAL  ,COL tuple_id VAL 97 ,0
85,COL tuple_id VAL 97 COL src VAL helloflight COL flight VAL CO-1694-LAX-IAH COL sched_dep_time VAL 7:15 p.m. COL act_dep_time VAL  COL sched_arr_time VAL 12/2/11 12:21 a.m. COL act_arr_time VAL  ,COL src VAL helloflight ,0
86,COL tuple_id VAL 97 COL src VAL helloflight COL flight VAL CO-1694-LAX-IAH COL sched_dep_time VAL 7:15 p.m. COL act_dep_time VAL  COL sched_arr_time VAL 12/2/11 12:21 a.m. COL act_arr_time VAL  ,COL flight VAL CO-1694-LAX-IAH ,0
87,COL tuple_id VAL 97 COL src VAL helloflight COL flight VAL CO-1694-LAX-IAH COL sched_dep_time VAL 7:15 p.m. COL act_dep_time VAL  COL sched_arr_time VAL 12/2/11 12:21 a.m. COL act_arr_time VAL  ,COL sched_dep_time VAL 7:15 p.m. ,0
88,COL tuple_id VAL 97 COL src VAL helloflight COL flight VAL CO-1694-LAX-IAH COL sched_dep_time VAL 7:15 p.m. COL act_dep_time VAL  COL sched_arr_time VAL 12/2/11 12:21 a.m. COL act_arr_time VAL  ,COL act_dep_time VAL  ,1
89,COL tuple_id VAL 97 COL src VAL helloflight COL flight VAL CO-1694-LAX-IAH COL sched_dep_time VAL 7:15 p.m. COL act_dep_time VAL  COL sched_arr_time VAL 12/2/11 12:21 a.m. COL act_arr_time VAL  ,COL sched_arr_time VAL 12/2/11 12:21 a.m. ,1
90,COL tuple_id VAL 97 COL src VAL helloflight COL flight VAL CO-1694-LAX-IAH COL sched_dep_time VAL 7:15 p.m. COL act_dep_time VAL  COL sched_arr_time VAL 12/2/11 12:21 a.m. COL act_arr_time VAL  ,COL act_arr_time VAL  ,1
91,COL tuple_id VAL 108 COL src VAL helloflight COL flight VAL UA-2515-DFW-CLT COL sched_dep_time VAL  COL act_dep_time VAL 7:30 a.m. COL sched_arr_time VAL  COL act_arr_time VAL 10:43 a.m. ,COL tuple_id VAL 108 ,0
92,COL tuple_id VAL 108 COL src VAL helloflight COL flight VAL UA-2515-DFW-CLT COL sched_dep_time VAL  COL act_dep_time VAL 7:30 a.m. COL sched_arr_time VAL  COL act_arr_time VAL 10:43 a.m. ,COL src VAL helloflight ,0
93,COL tuple_id VAL 108 COL src VAL helloflight COL flight VAL UA-2515-DFW-CLT COL sched_dep_time VAL  COL act_dep_time VAL 7:30 a.m. COL sched_arr_time VAL  COL act_arr_time VAL 10:43 a.m. ,COL flight VAL UA-2515-DFW-CLT ,0
94,COL tuple_id VAL 108 COL src VAL helloflight COL flight VAL UA-2515-DFW-CLT COL sched_dep_time VAL  COL act_dep_time VAL 7:30 a.m. COL sched_arr_time VAL  COL act_arr_time VAL 10:43 a.m. ,COL sched_dep_time VAL  ,1
95,COL tuple_id VAL 108 COL src VAL helloflight COL flight VAL UA-2515-DFW-CLT COL sched_dep_time VAL  COL act_dep_time VAL 7:30 a.m. COL sched_arr_time VAL  COL act_arr_time VAL 10:43 a.m. ,COL act_dep_time VAL 7:30 a.m. ,1
96,COL tuple_id VAL 108 COL src VAL helloflight COL flight VAL UA-2515-DFW-CLT COL sched_dep_time VAL  COL act_dep_time VAL 7:30 a.m. COL sched_arr_time VAL  COL act_arr_time VAL 10:43 a.m. ,COL sched_arr_time VAL  ,1
97,COL tuple_id VAL 108 COL src VAL helloflight COL flight VAL UA-2515-DFW-CLT COL sched_dep_time VAL  COL act_dep_time VAL 7:30 a.m. COL sched_arr_time VAL  COL act_arr_time VAL 10:43 a.m. ,COL act_arr_time VAL 10:43 a.m. ,1
98,COL tuple_id VAL 114 COL src VAL helloflight COL flight VAL UA-233-LAX-JFK COL sched_dep_time VAL  COL act_dep_time VAL 4:28 p.m. COL sched_arr_time VAL  COL act_arr_time VAL 12/2/11 12:01 a.m. ,COL tuple_id VAL 114 ,0
99,COL tuple_id VAL 114 COL src VAL helloflight COL flight VAL UA-233-LAX-JFK COL sched_dep_time VAL  COL act_dep_time VAL 4:28 p.m. COL sched_arr_time VAL  COL act_arr_time VAL 12/2/11 12:01 a.m. ,COL src VAL helloflight ,0
100,COL tuple_id VAL 114 COL src VAL helloflight COL flight VAL UA-233-LAX-JFK COL sched_dep_time VAL  COL act_dep_time VAL 4:28 p.m. COL sched_arr_time VAL  COL act_arr_time VAL 12/2/11 12:01 a.m. ,COL flight VAL UA-233-LAX-JFK ,0
101,COL tuple_id VAL 114 COL src VAL helloflight COL flight VAL UA-233-LAX-JFK COL sched_dep_time VAL  COL act_dep_time VAL 4:28 p.m. COL sched_arr_time VAL  COL act_arr_time VAL 12/2/11 12:01 a.m. ,COL sched_dep_time VAL  ,1
102,COL tuple_id VAL 114 COL src VAL helloflight COL flight VAL UA-233-LAX-JFK COL sched_dep_time VAL  COL act_dep_time VAL 4:28 p.m. COL sched_arr_time VAL  COL act_arr_time VAL 12/2/11 12:01 a.m. ,COL act_dep_time VAL 4:28 p.m. ,1
103,COL tuple_id VAL 114 COL src VAL helloflight COL flight VAL UA-233-LAX-JFK COL sched_dep_time VAL  COL act_dep_time VAL 4:28 p.m. COL sched_arr_time VAL  COL act_arr_time VAL 12/2/11 12:01 a.m. ,COL sched_arr_time VAL  ,1
104,COL tuple_id VAL 114 COL src VAL helloflight COL flight VAL UA-233-LAX-JFK COL sched_dep_time VAL  COL act_dep_time VAL 4:28 p.m. COL sched_arr_time VAL  COL act_arr_time VAL 12/2/11 12:01 a.m. ,COL act_arr_time VAL 12/2/11 12:01 a.m. ,1
105,COL tuple_id VAL 123 COL src VAL helloflight COL flight VAL UA-828-SFO-ORD COL sched_dep_time VAL 11:08 p.m. COL act_dep_time VAL  COL sched_arr_time VAL 12/2/11 5:11 a.m. COL act_arr_time VAL  ,COL tuple_id VAL 123 ,0
106,COL tuple_id VAL 123 COL src VAL helloflight COL flight VAL UA-828-SFO-ORD COL sched_dep_time VAL 11:08 p.m. COL act_dep_time VAL  COL sched_arr_time VAL 12/2/11 5:11 a.m. COL act_arr_time VAL  ,COL src VAL helloflight ,0
107,COL tuple_id VAL 123 COL src VAL helloflight COL flight VAL UA-828-SFO-ORD COL sched_dep_time VAL 11:08 p.m. COL act_dep_time VAL  COL sched_arr_time VAL 12/2/11 5:11 a.m. COL act_arr_time VAL  ,COL flight VAL UA-828-SFO-ORD ,0
108,COL tuple_id VAL 123 COL src VAL helloflight COL flight VAL UA-828-SFO-ORD COL sched_dep_time VAL 11:08 p.m. COL act_dep_time VAL  COL sched_arr_time VAL 12/2/11 5:11 a.m. COL act_arr_time VAL  ,COL sched_dep_time VAL 11:08 p.m. ,0
109,COL tuple_id VAL 123 COL src VAL helloflight COL flight VAL UA-828-SFO-ORD COL sched_dep_time VAL 11:08 p.m. COL act_dep_time VAL  COL sched_arr_time VAL 12/2/11 5:11 a.m. COL act_arr_time VAL  ,COL act_dep_time VAL  ,1
110,COL tuple_id VAL 123 COL src VAL helloflight COL flight VAL UA-828-SFO-ORD COL sched_dep_time VAL 11:08 p.m. COL act_dep_time VAL  COL sched_arr_time VAL 12/2/11 5:11 a.m. COL act_arr_time VAL  ,COL sched_arr_time VAL 12/2/11 5:11 a.m. ,1
111,COL tuple_id VAL 123 COL src VAL helloflight COL flight VAL UA-828-SFO-ORD COL sched_dep_time VAL 11:08 p.m. COL act_dep_time VAL  COL sched_arr_time VAL 12/2/11 5:11 a.m. COL act_arr_time VAL  ,COL act_arr_time VAL  ,1
112,COL tuple_id VAL 124 COL src VAL helloflight COL flight VAL CO-4888-IAH-DAL COL sched_dep_time VAL  COL act_dep_time VAL 5:38 p.m. COL sched_arr_time VAL  COL act_arr_time VAL 6:19 p.m. ,COL tuple_id VAL 124 ,0
113,COL tuple_id VAL 124 COL src VAL helloflight COL flight VAL CO-4888-IAH-DAL COL sched_dep_time VAL  COL act_dep_time VAL 5:38 p.m. COL sched_arr_time VAL  COL act_arr_time VAL 6:19 p.m. ,COL src VAL helloflight ,0
114,COL tuple_id VAL 124 COL src VAL helloflight COL flight VAL CO-4888-IAH-DAL COL sched_dep_time VAL  COL act_dep_time VAL 5:38 p.m. COL sched_arr_time VAL  COL act_arr_time VAL 6:19 p.m. ,COL flight VAL CO-4888-IAH-DAL ,0
115,COL tuple_id VAL 124 COL src VAL helloflight COL flight VAL CO-4888-IAH-DAL COL sched_dep_time VAL  COL act_dep_time VAL 5:38 p.m. COL sched_arr_time VAL  COL act_arr_time VAL 6:19 p.m. ,COL sched_dep_time VAL  ,1
116,COL tuple_id VAL 124 COL src VAL helloflight COL flight VAL CO-4888-IAH-DAL COL sched_dep_time VAL  COL act_dep_time VAL 5:38 p.m. COL sched_arr_time VAL  COL act_arr_time VAL 6:19 p.m. ,COL act_dep_time VAL 5:38 p.m. ,1
117,COL tuple_id VAL 124 COL src VAL helloflight COL flight VAL CO-4888-IAH-DAL COL sched_dep_time VAL  COL act_dep_time VAL 5:38 p.m. COL sched_arr_time VAL  COL act_arr_time VAL 6:19 p.m. ,COL sched_arr_time VAL  ,1
118,COL tuple_id VAL 124 COL src VAL helloflight COL flight VAL CO-4888-IAH-DAL COL sched_dep_time VAL  COL act_dep_time VAL 5:38 p.m. COL sched_arr_time VAL  COL act_arr_time VAL 6:19 p.m. ,COL act_arr_time VAL 6:19 p.m. ,1
119,COL tuple_id VAL 128 COL src VAL helloflight COL flight VAL UA-2708-EWR-CLT COL sched_dep_time VAL  COL act_dep_time VAL 3:04 p.m. COL sched_arr_time VAL  COL act_arr_time VAL 4:22 p.m. ,COL tuple_id VAL 128 ,0
120,COL tuple_id VAL 128 COL src VAL helloflight COL flight VAL UA-2708-EWR-CLT COL sched_dep_time VAL  COL act_dep_time VAL 3:04 p.m. COL sched_arr_time VAL  COL act_arr_time VAL 4:22 p.m. ,COL src VAL helloflight ,0
121,COL tuple_id VAL 128 COL src VAL helloflight COL flight VAL UA-2708-EWR-CLT COL sched_dep_time VAL  COL act_dep_time VAL 3:04 p.m. COL sched_arr_time VAL  COL act_arr_time VAL 4:22 p.m. ,COL flight VAL UA-2708-EWR-CLT ,0
122,COL tuple_id VAL 128 COL src VAL helloflight COL flight VAL UA-2708-EWR-CLT COL sched_dep_time VAL  COL act_dep_time VAL 3:04 p.m. COL sched_arr_time VAL  COL act_arr_time VAL 4:22 p.m. ,COL sched_dep_time VAL  ,1
123,COL tuple_id VAL 128 COL src VAL helloflight COL flight VAL UA-2708-EWR-CLT COL sched_dep_time VAL  COL act_dep_time VAL 3:04 p.m. COL sched_arr_time VAL  COL act_arr_time VAL 4:22 p.m. ,COL act_dep_time VAL 3:04 p.m. ,1
124,COL tuple_id VAL 128 COL src VAL helloflight COL flight VAL UA-2708-EWR-CLT COL sched_dep_time VAL  COL act_dep_time VAL 3:04 p.m. COL sched_arr_time VAL  COL act_arr_time VAL 4:22 p.m. ,COL sched_arr_time VAL  ,1
125,COL tuple_id VAL 128 COL src VAL helloflight COL flight VAL UA-2708-EWR-CLT COL sched_dep_time VAL  COL act_dep_time VAL 3:04 p.m. COL sched_arr_time VAL  COL act_arr_time VAL 4:22 p.m. ,COL act_arr_time VAL 4:22 p.m. ,1
126,COL tuple_id VAL 130 COL src VAL helloflight COL flight VAL UA-1500-IAH-GUA COL sched_dep_time VAL 8:55 a.m. COL act_dep_time VAL  COL sched_arr_time VAL 11:45 a.m. COL act_arr_time VAL  ,COL tuple_id VAL 130 ,0
127,COL tuple_id VAL 130 COL src VAL helloflight COL flight VAL UA-1500-IAH-GUA COL sched_dep_time VAL 8:55 a.m. COL act_dep_time VAL  COL sched_arr_time VAL 11:45 a.m. COL act_arr_time VAL  ,COL src VAL helloflight ,0
128,COL tuple_id VAL 130 COL src VAL helloflight COL flight VAL UA-1500-IAH-GUA COL sched_dep_time VAL 8:55 a.m. COL act_dep_time VAL  COL sched_arr_time VAL 11:45 a.m. COL act_arr_time VAL  ,COL flight VAL UA-1500-IAH-GUA ,0
129,COL tuple_id VAL 130 COL src VAL helloflight COL flight VAL UA-1500-IAH-GUA COL sched_dep_time VAL 8:55 a.m. COL act_dep_time VAL  COL sched_arr_time VAL 11:45 a.m. COL act_arr_time VAL  ,COL sched_dep_time VAL 8:55 a.m. ,0
130,COL tuple_id VAL 130 COL src VAL helloflight COL flight VAL UA-1500-IAH-GUA COL sched_dep_time VAL 8:55 a.m. COL act_dep_time VAL  COL sched_arr_time VAL 11:45 a.m. COL act_arr_time VAL  ,COL act_dep_time VAL  ,1
131,COL tuple_id VAL 130 COL src VAL helloflight COL flight VAL UA-1500-IAH-GUA COL sched_dep_time VAL 8:55 a.m. COL act_dep_time VAL  COL sched_arr_time VAL 11:45 a.m. COL act_arr_time VAL  ,COL sched_arr_time VAL 11:45 a.m. ,0
132,COL tuple_id VAL 130 COL src VAL helloflight COL flight VAL UA-1500-IAH-GUA COL sched_dep_time VAL 8:55 a.m. COL act_dep_time VAL  COL sched_arr_time VAL 11:45 a.m. COL act_arr_time VAL  ,COL act_arr_time VAL  ,1
133,COL tuple_id VAL 144 COL src VAL helloflight COL flight VAL UA-3099-PHX-PHL COL sched_dep_time VAL  COL act_dep_time VAL 11:55 a.m. COL sched_arr_time VAL  COL act_arr_time VAL 5:34 p.m. ,COL tuple_id VAL 144 ,0
134,COL tuple_id VAL 144 COL src VAL helloflight COL flight VAL UA-3099-PHX-PHL COL sched_dep_time VAL  COL act_dep_time VAL 11:55 a.m. COL sched_arr_time VAL  COL act_arr_time VAL 5:34 p.m. ,COL src VAL helloflight ,0
135,COL tuple_id VAL 144 COL src VAL helloflight COL flight VAL UA-3099-PHX-PHL COL sched_dep_time VAL  COL act_dep_time VAL 11:55 a.m. COL sched_arr_time VAL  COL act_arr_time VAL 5:34 p.m. ,COL flight VAL UA-3099-PHX-PHL ,0
136,COL tuple_id VAL 144 COL src VAL helloflight COL flight VAL UA-3099-PHX-PHL COL sched_dep_time VAL  COL act_dep_time VAL 11:55 a.m. COL sched_arr_time VAL  COL act_arr_time VAL 5:34 p.m. ,COL sched_dep_time VAL  ,1
137,COL tuple_id VAL 144 COL src VAL helloflight COL flight VAL UA-3099-PHX-PHL COL sched_dep_time VAL  COL act_dep_time VAL 11:55 a.m. COL sched_arr_time VAL  COL act_arr_time VAL 5:34 p.m. ,COL act_dep_time VAL 11:55 a.m. ,0
138,COL tuple_id VAL 144 COL src VAL helloflight COL flight VAL UA-3099-PHX-PHL COL sched_dep_time VAL  COL act_dep_time VAL 11:55 a.m. COL sched_arr_time VAL  COL act_arr_time VAL 5:34 p.m. ,COL sched_arr_time VAL  ,1
139,COL tuple_id VAL 144 COL src VAL helloflight COL flight VAL UA-3099-PHX-PHL COL sched_dep_time VAL  COL act_dep_time VAL 11:55 a.m. COL sched_arr_time VAL  COL act_arr_time VAL 5:34 p.m. ,COL act_arr_time VAL 5:34 p.m. ,1
